AxiomaID,Return
YUB73JLH6,0.04208034728175738
Q8L3JXGU1,0.013243876775213673
MCMGWV5N3,0.018852036189263642
Y1SWVDLV8,0.012332097890002563
M5NTDJFX4,0.014677128917015862
H2CMWN4M0,0.022189050884836733
ZUVYVKJ59,-0.009016327471938703
NU6R8GTD2,-0.00538898037400344
KL1VNCXK2,-0.006109534683987489
A42BM7MP7,-0.0010082493785345099
TQ9DQQMC0,-0.005467259965038457
RH9MZ4QT0,-0.0051003941269565
